date,source,commentaire,poste
2025-07-19,group_OLB,Va voir ton gestionnaire pour la résilier rapidement et en même temps te reverser les sommes precomptées. N'y va pas pour sourire avec eux !!!!!!,"Bonsoir à tous,je voudrais que vous m'aidiez à comprendre quelque chose.En effet je suis à la sgbci, j'avais souscris à prz c'est à dire Plan retraite Zenith en 2022 et j'ai résilié en novembre 2024 .Ma cotisation a été reversée sur mon compte sgbci mais depuis la fin du mois de Mars 2025 , une somme de 15 000 fr est prélevée chaque fin de mois pour cette même assurance pourtant je me suis pas rendu à ma banque pour le renouvellement … En voir plus"
2025-07-17,group_OLB,#sgci,"Demandez a la SGCI de faire sa mise à jour comme les autres banques afin qu'on puisse à partir de nos comptes bancaires, faire des transactions sur nos mobile money pour nous faciliter la vie. Se promener pour chercher guichet c'est pas facile avec tous les embouteillages."
2025-07-17,group_OLB,Une banque de souffrance,"Demandez a la SGCI de faire sa mise à jour comme les autres banques afin qu'on puisse à partir de nos comptes bancaires, faire des transactions sur nos mobile money pour nous faciliter la vie. Se promener pour chercher guichet c'est pas facile avec tous les embouteillages."
2025-07-15,group_OLB,Il faut écrire son nom en grand caractères même.,Sgci SOUBRE Onvous envoie plusieurs mail pour réinitialiser mon compte vous refusez depuis deux mois là prochaine fois je vais écrire le nom du gestionnaire de mon compte
2025-07-15,group_OLB,Les gestionnaires de la sgci sont devenus de vrais marmailleurs,Sgci SOUBRE Onvous envoie plusieurs mail pour réinitialiser mon compte vous refusez depuis deux mois là prochaine fois je vais écrire le nom du gestionnaire de mon compte
2025-07-14,group_OLB,Va voir à l'agence,"Bonsoir à tous,je voudrais que vous m'aidiez à comprendre quelque chose.En effet je suis à la sgbci, j'avais souscris à prz c'est à dire Plan retraite Zenith en 2022 et j'ai résilié en novembre 2024 .Ma cotisation a été reversée sur mon compte sgbci mais depuis la fin du mois de Mars 2025 , une somme de 15 000 fr est prélevée chaque fin de mois pour cette même assurance pourtant je me suis pas rendu à ma banque pour le renouvellement … En voir plus"
2025-07-13,group_OLB,Les gestionnaires de SGCI sont devenus de vrais marmailleurs,"#SGBCI hum 
Depuis 2 semaines en train de courir pour résilier un simple credimatic. Ça fait 3 fois que je remplis le document de résiliation
Gestionnaire aussi décroche pas 
Tu appelles Yéri tu vas écouter mélodie jusqu’à tu vas couper seul. 
Pourtant j’ai précisé que c’est un cas de Santé hein pff … En voir plus"
2025-07-13,group_OLB,"Bro, faut faire bruit même. Perturbe l’activité de la banque. Tu auras gain de cause
J’ai vu une fois un homme résident en France et ayant un compte ici à qui on refusait un retrait. Il a fait tapage de 11h à 15h ils ont appelé les boss pour donner son argent","L'agence SGCI d'ABENGOUROU refuse de donnée mon attestation de non redevances.
Je prends l'opinion publique en témoins en ce jour du mardi 8 juillet 2025  que j'irai faire l'irréparable à la société général  côte d'Ivoire (SGCI) ABENGOUROU si mon attestation de non redevances ne sort pas. Janvier 2025 ,j'ai fait une première demande mon argent à été bouffé par la banque j'ai pas reçu d'attestation après ça ils m'ont donnés des explications bidons en demandant de mettre encore… En voir plus"
2025-07-13,group_OLB,60 jours soit 2 mois,"Bonjour chers tous ! 
Combien de temps peuvent mettre les assurances pour reverser les dûs après un rachat total ? Cas de PRZ performance de SGCI. 
Merci d'avance !"
2025-07-13,group_OLB,Société Générale Côte d’Ivoire,"#SGBCI hum 
Depuis 2 semaines en train de courir pour résilier un simple credimatic. Ça fait 3 fois que je remplis le document de résiliation
Gestionnaire aussi décroche pas 
Tu appelles Yéri tu vas écouter mélodie jusqu’à tu vas couper seul. 
Pourtant j’ai précisé que c’est un cas de Santé hein pff … En voir plus"
2025-07-13,group_OLB,"Nognalé Diomandé
honhonhon ma sœur je vais acheter canaris pour économiser mon djê",Bonjour la famille.svp aidez moi à trouver une solution.jai souscrit à l'assurance sogetudes avec la banque sgci plateau http://xn--sige-6oa.la/ résiliation du contrat  est passée depuis environ 3 mois mais le reversement pas encore.j'appelle la gestionnaire maintes fois elle me dit qu'elle ne retrouve pas les documents.quand je vais à l'assurance ils me renvoient à ma banque.cette semaine ci j'ai appelé le numéro client de la sgci po… En voir plus
2025-07-13,group_OLB,"Ma gestionnaire m'a appelé hier pour des produits et je lui ai dit simplement au téléphone que mon salaire est trop petit pour souscrire à ces produits. Les gestionnaires SGCI ne sont pas bien. Tu as problèmes , ils te donnent dos ou soit ils ne décrochent tes appels.","#SGBCI hum 
Depuis 2 semaines en train de courir pour résilier un simple credimatic. Ça fait 3 fois que je remplis le document de résiliation
Gestionnaire aussi décroche pas 
Tu appelles Yéri tu vas écouter mélodie jusqu’à tu vas couper seul. 
Pourtant j’ai précisé que c’est un cas de Santé hein pff … En voir plus"
2025-07-13,group_OLB,C'est la première fois que j'entends ça hein . Sinon moi depuis 10 ans j'ai jamais eu de problème de résiliation de contrat credimatic. Je résilie et le lendemain j'ai mon argent au calme.,"#SGBCI hum 
Depuis 2 semaines en train de courir pour résilier un simple credimatic. Ça fait 3 fois que je remplis le document de résiliation
Gestionnaire aussi décroche pas 
Tu appelles Yéri tu vas écouter mélodie jusqu’à tu vas couper seul. 
Pourtant j’ai précisé que c’est un cas de Santé hein pff … En voir plus"
2025-07-13,group_OLB,"Ayiiii c'est quel comportement ça.
Vraiment Yako.","#SGBCI hum 
Depuis 2 semaines en train de courir pour résilier un simple credimatic. Ça fait 3 fois que je remplis le document de résiliation
Gestionnaire aussi décroche pas 
Tu appelles Yéri tu vas écouter mélodie jusqu’à tu vas couper seul. 
Pourtant j’ai précisé que c’est un cas de Santé hein pff … En voir plus"
2025-07-13,group_OLB,"Eva Clémence Boni
merci ma sœur clémence","Salut à tous ! Maintenant que j'ai résilié mon assurance PRZ PERFORMANCE à la SGCI le  30/6/2025 , dans le cas où ça tarde et que je me rends au siège de l'assurance Allianz . Question : je voudrais savoir s'ils me feront remplir à nouveau des documents pour le reversement de mon dû ? Merci de me comprendre."
2025-07-13,group_OLB,Si tu n as pas reçu ton argent c est que la résiliation n est pas passée au niveau de la banque. Tu te rends au siège de l assurance pour remplir un autre formulaire,"Salut à tous ! Maintenant que j'ai résilié mon assurance PRZ PERFORMANCE à la SGCI le  30/6/2025 , dans le cas où ça tarde et que je me rends au siège de l'assurance Allianz . Question : je voudrais savoir s'ils me feront remplir à nouveau des documents pour le reversement de mon dû ? Merci de me comprendre."
2025-07-13,group_OLB,"Dame Kouamé
ayuu laisse aller au terme du contrat",Bonjour la famille.svp aidez moi à trouver une solution.jai souscrit à l'assurance sogetudes avec la banque sgci plateau http://xn--sige-6oa.la/ résiliation du contrat  est passée depuis environ 3 mois mais le reversement pas encore.j'appelle la gestionnaire maintes fois elle me dit qu'elle ne retrouve pas les documents.quand je vais à l'assurance ils me renvoient à ma banque.cette semaine ci j'ai appelé le numéro client de la sgci po… En voir plus
2025-07-13,group_OLB,Après tu pars de la sgci,"#SGBCI hum 
Depuis 2 semaines en train de courir pour résilier un simple credimatic. Ça fait 3 fois que je remplis le document de résiliation
Gestionnaire aussi décroche pas 
Tu appelles Yéri tu vas écouter mélodie jusqu’à tu vas couper seul. 
Pourtant j’ai précisé que c’est un cas de Santé hein pff … En voir plus"
2025-07-13,group_OLB,"Il nous revient frère que ton dossier a été traité. Il serait même à ta disposition, prière donc prendre attache avec ton gestionnaire ou le directeur de ton agence pour parler des conditions de réception de ton document. Merci","L'agence SGCI d'ABENGOUROU refuse de donnée mon attestation de non redevances.
Je prends l'opinion publique en témoins en ce jour du mardi 8 juillet 2025  que j'irai faire l'irréparable à la société général  côte d'Ivoire (SGCI) ABENGOUROU si mon attestation de non redevances ne sort pas. Janvier 2025 ,j'ai fait une première demande mon argent à été bouffé par la banque j'ai pas reçu d'attestation après ça ils m'ont donnés des explications bidons en demandant de mettre encore… En voir plus"
2025-07-13,group_OLB,"Dame Kouamé
apprêtes toi",Bonjour la famille.svp aidez moi à trouver une solution.jai souscrit à l'assurance sogetudes avec la banque sgci plateau http://xn--sige-6oa.la/ résiliation du contrat  est passée depuis environ 3 mois mais le reversement pas encore.j'appelle la gestionnaire maintes fois elle me dit qu'elle ne retrouve pas les documents.quand je vais à l'assurance ils me renvoient à ma banque.cette semaine ci j'ai appelé le numéro client de la sgci po… En voir plus
2025-07-13,group_OLB,"Toi même ,tu as trop duré à la générale hein","L'agence SGCI d'ABENGOUROU refuse de donnée mon attestation de non redevances.
Je prends l'opinion publique en témoins en ce jour du mardi 8 juillet 2025  que j'irai faire l'irréparable à la société général  côte d'Ivoire (SGCI) ABENGOUROU si mon attestation de non redevances ne sort pas. Janvier 2025 ,j'ai fait une première demande mon argent à été bouffé par la banque j'ai pas reçu d'attestation après ça ils m'ont donnés des explications bidons en demandant de mettre encore… En voir plus"
2025-07-13,group_OLB,"Pour lui est petit,SGBCI Gagnoa hum","L'agence SGCI d'ABENGOUROU refuse de donnée mon attestation de non redevances.
Je prends l'opinion publique en témoins en ce jour du mardi 8 juillet 2025  que j'irai faire l'irréparable à la société général  côte d'Ivoire (SGCI) ABENGOUROU si mon attestation de non redevances ne sort pas. Janvier 2025 ,j'ai fait une première demande mon argent à été bouffé par la banque j'ai pas reçu d'attestation après ça ils m'ont donnés des explications bidons en demandant de mettre encore… En voir plus"
2025-07-13,group_OLB,"Va faire bruit là-bas même c’est foutaise,ahiiii te prélever 2 fois et tu as laissé ça","L'agence SGCI d'ABENGOUROU refuse de donnée mon attestation de non redevances.
Je prends l'opinion publique en témoins en ce jour du mardi 8 juillet 2025  que j'irai faire l'irréparable à la société général  côte d'Ivoire (SGCI) ABENGOUROU si mon attestation de non redevances ne sort pas. Janvier 2025 ,j'ai fait une première demande mon argent à été bouffé par la banque j'ai pas reçu d'attestation après ça ils m'ont donnés des explications bidons en demandant de mettre encore… En voir plus"
2025-07-13,group_OLB,Si tu veux voir gestionnaire SGCI cœur NOIR va à l'agence d'abengourou trop méchant ces gestionnaires,"L'agence SGCI d'ABENGOUROU refuse de donnée mon attestation de non redevances.
Je prends l'opinion publique en témoins en ce jour du mardi 8 juillet 2025  que j'irai faire l'irréparable à la société général  côte d'Ivoire (SGCI) ABENGOUROU si mon attestation de non redevances ne sort pas. Janvier 2025 ,j'ai fait une première demande mon argent à été bouffé par la banque j'ai pas reçu d'attestation après ça ils m'ont donnés des explications bidons en demandant de mettre encore… En voir plus"
2025-07-13,group_OLB,"Si tu y arrives, ne crie pas doucement. Fais beaucoup de bruit de sorte à perturber gravement l'activité au sein de la banque. C'est à ce prix que tu auras ta chose.
Nb: fais ton cafouillage sans rien casser. Faut crier seulement.","L'agence SGCI d'ABENGOUROU refuse de donnée mon attestation de non redevances.
Je prends l'opinion publique en témoins en ce jour du mardi 8 juillet 2025  que j'irai faire l'irréparable à la société général  côte d'Ivoire (SGCI) ABENGOUROU si mon attestation de non redevances ne sort pas. Janvier 2025 ,j'ai fait une première demande mon argent à été bouffé par la banque j'ai pas reçu d'attestation après ça ils m'ont donnés des explications bidons en demandant de mettre encore… En voir plus"
2025-07-13,group_OLB,"NON ... 
PRENDS CES PREUVES ET VAS VOIR DES JURISTES...
CHERCHE LA PAGE DE *JURISTES CHRÉTIENS* SUR FACEBOOK ET APPELLE LES...","L'agence SGCI d'ABENGOUROU refuse de donnée mon attestation de non redevances.
Je prends l'opinion publique en témoins en ce jour du mardi 8 juillet 2025  que j'irai faire l'irréparable à la société général  côte d'Ivoire (SGCI) ABENGOUROU si mon attestation de non redevances ne sort pas. Janvier 2025 ,j'ai fait une première demande mon argent à été bouffé par la banque j'ai pas reçu d'attestation après ça ils m'ont donnés des explications bidons en demandant de mettre encore… En voir plus"
2025-07-13,group_OLB,"L faut confier le dossier à un commissaire de justice, et tu verras le miracle...","L'agence SGCI d'ABENGOUROU refuse de donnée mon attestation de non redevances.
Je prends l'opinion publique en témoins en ce jour du mardi 8 juillet 2025  que j'irai faire l'irréparable à la société général  côte d'Ivoire (SGCI) ABENGOUROU si mon attestation de non redevances ne sort pas. Janvier 2025 ,j'ai fait une première demande mon argent à été bouffé par la banque j'ai pas reçu d'attestation après ça ils m'ont donnés des explications bidons en demandant de mettre encore… En voir plus"
2025-07-13,group_OLB,Bhci plateau mme Dano je serai à toi bientôt,"L'agence SGCI d'ABENGOUROU refuse de donnée mon attestation de non redevances.
Je prends l'opinion publique en témoins en ce jour du mardi 8 juillet 2025  que j'irai faire l'irréparable à la société général  côte d'Ivoire (SGCI) ABENGOUROU si mon attestation de non redevances ne sort pas. Janvier 2025 ,j'ai fait une première demande mon argent à été bouffé par la banque j'ai pas reçu d'attestation après ça ils m'ont donnés des explications bidons en demandant de mettre encore… En voir plus"
2025-07-13,group_OLB,Voir ton natio,"L'agence SGCI d'ABENGOUROU refuse de donnée mon attestation de non redevances.
Je prends l'opinion publique en témoins en ce jour du mardi 8 juillet 2025  que j'irai faire l'irréparable à la société général  côte d'Ivoire (SGCI) ABENGOUROU si mon attestation de non redevances ne sort pas. Janvier 2025 ,j'ai fait une première demande mon argent à été bouffé par la banque j'ai pas reçu d'attestation après ça ils m'ont donnés des explications bidons en demandant de mettre encore… En voir plus"
2025-07-13,group_OLB,"Évitez de vous faire justice,vas à la justice pour expliquer avec les preuves à l'appui à un huissier de justice.","L'agence SGCI d'ABENGOUROU refuse de donnée mon attestation de non redevances.
Je prends l'opinion publique en témoins en ce jour du mardi 8 juillet 2025  que j'irai faire l'irréparable à la société général  côte d'Ivoire (SGCI) ABENGOUROU si mon attestation de non redevances ne sort pas. Janvier 2025 ,j'ai fait une première demande mon argent à été bouffé par la banque j'ai pas reçu d'attestation après ça ils m'ont donnés des explications bidons en demandant de mettre encore… En voir plus"
2025-07-13,group_OLB,Trop déçu de cette banque pffffff sgci pfffffffffffffffffff,"L'agence SGCI d'ABENGOUROU refuse de donnée mon attestation de non redevances.
Je prends l'opinion publique en témoins en ce jour du mardi 8 juillet 2025  que j'irai faire l'irréparable à la société général  côte d'Ivoire (SGCI) ABENGOUROU si mon attestation de non redevances ne sort pas. Janvier 2025 ,j'ai fait une première demande mon argent à été bouffé par la banque j'ai pas reçu d'attestation après ça ils m'ont donnés des explications bidons en demandant de mettre encore… En voir plus"
2025-07-13,group_OLB,La générale c'est des vo*leurs,"L'agence SGCI d'ABENGOUROU refuse de donnée mon attestation de non redevances.
Je prends l'opinion publique en témoins en ce jour du mardi 8 juillet 2025  que j'irai faire l'irréparable à la société général  côte d'Ivoire (SGCI) ABENGOUROU si mon attestation de non redevances ne sort pas. Janvier 2025 ,j'ai fait une première demande mon argent à été bouffé par la banque j'ai pas reçu d'attestation après ça ils m'ont donnés des explications bidons en demandant de mettre encore… En voir plus"
2025-07-13,group_OLB,"Il y a des gestionnaires, ce n'est pas la peine, quoi !
Si certaines banques commencent à les virer pour ce genre de manquement, beaucoup prendront conscience. Ils ne sont jamais à l'écoute lorsque vous avez besoin d'eux, mais lorsque tu veux partir où tu seras écouté, ils ne te mènent encore la vie dure. Pourquoi c'est si difficile pour eux de faire ce pourquoi ils sont rémunérés ?","L'agence SGCI d'ABENGOUROU refuse de donnée mon attestation de non redevances.
Je prends l'opinion publique en témoins en ce jour du mardi 8 juillet 2025  que j'irai faire l'irréparable à la société général  côte d'Ivoire (SGCI) ABENGOUROU si mon attestation de non redevances ne sort pas. Janvier 2025 ,j'ai fait une première demande mon argent à été bouffé par la banque j'ai pas reçu d'attestation après ça ils m'ont donnés des explications bidons en demandant de mettre encore… En voir plus"
2025-07-13,group_OLB,"Nognalé Diomandé
j'en parlais à oli même la semaine passée...j'irai résilier la semaine prochaine",Bonjour la famille.svp aidez moi à trouver une solution.jai souscrit à l'assurance sogetudes avec la banque sgci plateau http://xn--sige-6oa.la/ résiliation du contrat  est passée depuis environ 3 mois mais le reversement pas encore.j'appelle la gestionnaire maintes fois elle me dit qu'elle ne retrouve pas les documents.quand je vais à l'assurance ils me renvoient à ma banque.cette semaine ci j'ai appelé le numéro client de la sgci po… En voir plus
2025-07-13,group_OLB,Apparemment tu t'ennuies tellement que tu penses qu'être domicilié à la Générale c'est un privilège.,Suis domicilié à la générale
2025-07-13,group_OLB,"Yaomaman Eliane
merci madame",Bonjour la famille.svp aidez moi à trouver une solution.jai souscrit à l'assurance sogetudes avec la banque sgci plateau http://xn--sige-6oa.la/ résiliation du contrat  est passée depuis environ 3 mois mais le reversement pas encore.j'appelle la gestionnaire maintes fois elle me dit qu'elle ne retrouve pas les documents.quand je vais à l'assurance ils me renvoient à ma banque.cette semaine ci j'ai appelé le numéro client de la sgci po… En voir plus
2025-07-13,group_OLB,Ils ne t'ont pas encore reversé. .normalement cest 3 jours,"Salut à tous ! J'ai résilié mon assurance PRZ PERFORMANCE le lundi 30/06/2025 au siège, plateau SGCI. Combien de temps 
 prendra pour que mon argent soit reversé ? Merci parents."
2025-07-13,group_OLB,SiB est une très mauvaise banque,"SIB (Société Ivoirienne de Banque)
Bonjour chers amis !
Je viens partager ici une situation que je vis avec ma banque, et qui ne trouve pas d’issue favorable !
En effet, j’ai effectué un retrait de 200.000fcfa au GAB SGCI de Yopougon Bel Air le 22 mars dernier et j’ai été débitée 2 fois. Le 28 mars, je m’en suis rendue compte et ma gestionnaire me l’a confirmé, j’ai donc enregistré aussitôt une réclamation en ligne via l’outil prévu à… En voir plus"
2025-07-13,group_OLB,Il faut appeler yeri ils vont mieux t expliquer,"Bonsoir à tous,je voudrais que vous m'aidiez à comprendre quelque chose.En effet je suis à la sgbci, j'avais souscris à prz c'est à dire Plan retraite Zenith en 2022 et j'ai résilié en novembre 2024 .Ma cotisation a été reversée sur mon compte sgbci mais depuis la fin du mois de Mars 2025 , une somme de 15 000 fr est prélevée chaque fin de mois pour cette même assurance pourtant je me suis pas rendu à ma banque pour le renouvellement … En voir plus"
2025-07-13,group_OLB,Télécharger l'application diapzon. Là-bas c'est chap chap. Tu peux souscrire et résilier aisément.,"Bonsoir à tous,je voudrais que vous m'aidiez à comprendre quelque chose.En effet je suis à la sgbci, j'avais souscris à prz c'est à dire Plan retraite Zenith en 2022 et j'ai résilié en novembre 2024 .Ma cotisation a été reversée sur mon compte sgbci mais depuis la fin du mois de Mars 2025 , une somme de 15 000 fr est prélevée chaque fin de mois pour cette même assurance pourtant je me suis pas rendu à ma banque pour le renouvellement … En voir plus"
2025-07-13,group_OLB,J'ai résilié pour moi le 30/6/2025 et j'attends le reversement. Aujourd'hui me fait une semaine de résiliation.,"Bonsoir à tous,je voudrais que vous m'aidiez à comprendre quelque chose.En effet je suis à la sgbci, j'avais souscris à prz c'est à dire Plan retraite Zenith en 2022 et j'ai résilié en novembre 2024 .Ma cotisation a été reversée sur mon compte sgbci mais depuis la fin du mois de Mars 2025 , une somme de 15 000 fr est prélevée chaque fin de mois pour cette même assurance pourtant je me suis pas rendu à ma banque pour le renouvellement … En voir plus"
2025-07-13,group_OLB,"Si tu n'as pas un bon retour, monte au service contentieux de la banque. Moi quand je n'arrive pas à mettre la main sur gestionnaire, je vais au contentieux.",Bonjour la famille.svp aidez moi à trouver une solution.jai souscrit à l'assurance sogetudes avec la banque sgci plateau http://xn--sige-6oa.la/ résiliation du contrat  est passée depuis environ 3 mois mais le reversement pas encore.j'appelle la gestionnaire maintes fois elle me dit qu'elle ne retrouve pas les documents.quand je vais à l'assurance ils me renvoient à ma banque.cette semaine ci j'ai appelé le numéro client de la sgci po… En voir plus
2025-07-13,group_OLB,Rend toi à l'agence de l'assurance (alliance)non loin de l'imprimerie nationale à coté de la pharmacie...,"Salut à tous ! J'ai résilié mon assurance PRZ PERFORMANCE le lundi 30/06/2025 au siège, plateau SGCI. Combien de temps 
 prendra pour que mon argent soit reversé ? Merci parents."
2025-07-13,group_OLB,Attend 2 mois,"Salut à tous ! J'ai résilié mon assurance PRZ PERFORMANCE le lundi 30/06/2025 au siège, plateau SGCI. Combien de temps 
 prendra pour que mon argent soit reversé ? Merci parents."
2025-07-13,group_OLB,C'est la partie la que je n'arrive pas à comprendre normalement un chèque pour aller retirer ton argent.,"Salut à tous ! J'ai résilié mon assurance PRZ PERFORMANCE le lundi 30/06/2025 au siège, plateau SGCI. Combien de temps 
 prendra pour que mon argent soit reversé ? Merci parents."
2025-07-13,group_OLB,"Mon frère , dépêche -toi vite d'aller voir ton/ta gestionnaire car cette assurance mange avec ta banque. Ne t'inquiète pas. Merci","Bonsoir à tous,je voudrais que vous m'aidiez à comprendre quelque chose.En effet je suis à la sgbci, j'avais souscris à prz c'est à dire Plan retraite Zenith en 2022 et j'ai résilié en novembre 2024 .Ma cotisation a été reversée sur mon compte sgbci mais depuis la fin du mois de Mars 2025 , une somme de 15 000 fr est prélevée chaque fin de mois pour cette même assurance pourtant je me suis pas rendu à ma banque pour le renouvellement … En voir plus"
2025-07-13,group_OLB,Pour Yako Africa on me parle de 30 à 45 jours maximum,"Salut à tous ! J'ai résilié mon assurance PRZ PERFORMANCE le lundi 30/06/2025 au siège, plateau SGCI. Combien de temps 
 prendra pour que mon argent soit reversé ? Merci parents."
2025-07-13,group_OLB,Gawa là,Suis domicilié à la générale
2025-07-13,group_OLB,C'est dans 2 mois,"Salut à tous ! J'ai résilié mon assurance PRZ PERFORMANCE le lundi 30/06/2025 au siège, plateau SGCI. Combien de temps 
 prendra pour que mon argent soit reversé ? Merci parents."
2025-07-13,group_OLB,Société Générale Côte d’Ivoire,"L'agence SGCI d'ABENGOUROU refuse de donnée mon attestation de non redevances.
Je prends l'opinion publique en témoins en ce jour du mardi 8 juillet 2025  que j'irai faire l'irréparable à la société général  côte d'Ivoire (SGCI) ABENGOUROU si mon attestation de non redevances ne sort pas. Janvier 2025 ,j'ai fait une première demande mon argent à été bouffé par la banque j'ai pas reçu d'attestation après ça ils m'ont donnés des explications bidons en demandant de mettre encore… En voir plus"
2025-07-13,group_OLB,"Ahh voilà ça dès.. monsieur
Tienou Sanogo
venez voir","L'agence SGCI d'ABENGOUROU refuse de donnée mon attestation de non redevances.
Je prends l'opinion publique en témoins en ce jour du mardi 8 juillet 2025  que j'irai faire l'irréparable à la société général  côte d'Ivoire (SGCI) ABENGOUROU si mon attestation de non redevances ne sort pas. Janvier 2025 ,j'ai fait une première demande mon argent à été bouffé par la banque j'ai pas reçu d'attestation après ça ils m'ont donnés des explications bidons en demandant de mettre encore… En voir plus"
2025-07-13,group_OLB,Et ?,Suis domicilié à la générale
2025-07-13,group_OLB,??,Suis domicilié à la générale
2025-07-13,group_OLB,Tantie Géné la généreuse.,Suis domicilié à la générale
2025-07-06,group_OLB,Voici des modèles de courriers précis pour mieux formuler votre réclamation https://www.monconseillerbancaire.ci/courriers/,SGCI Bouake je suis victime d'un Débit à Tort depuis le 05/06/2025 Jusqu'à ce jour Aucune Suite à ma Requête Après Toutes mes démarches .
2025-07-06,group_OLB,"Tout comme certaines personnes, je vais devoir quitter cette structure. Les services ne sont plus de qualité.","Je viens exprimer mon mécontentement envers la SGCI 
Pour prélèvement de 10 500 pour frais annuel carte bancaire pourtant j'ai déjà été prélevé le 2 janvier à hauteur de 15 000 fr
Ensuite depuis plus 2 mois j'ai résilié mon contrat d'assurance SOGETUDE et jusqu'à présent rien et on me fait savoir que c'est pas au niveau de la banque"
2025-07-06,group_OLB,Tchaiiii cette histoire de sogetudes qu ils fassent bien hein mbon,"Je viens exprimer mon mécontentement envers la SGCI 
Pour prélèvement de 10 500 pour frais annuel carte bancaire pourtant j'ai déjà été prélevé le 2 janvier à hauteur de 15 000 fr
Ensuite depuis plus 2 mois j'ai résilié mon contrat d'assurance SOGETUDE et jusqu'à présent rien et on me fait savoir que c'est pas au niveau de la banque"
2025-07-06,group_OLB,C'est pas effectivement au niveau de la banque j'ai vécu la même chose j'étais obligé de prendre le numéro de l'assurance pour les appeler et en ce moment qu'ils vont me dire que c'est prêt.leur numéro est sur le contrat qu'ils t'ont remis si tu es à Abidjan aussi tu te rends à leur siège,"Je viens exprimer mon mécontentement envers la SGCI 
Pour prélèvement de 10 500 pour frais annuel carte bancaire pourtant j'ai déjà été prélevé le 2 janvier à hauteur de 15 000 fr
Ensuite depuis plus 2 mois j'ai résilié mon contrat d'assurance SOGETUDE et jusqu'à présent rien et on me fait savoir que c'est pas au niveau de la banque"
2025-07-06,group_OLB,Faites une réclamation simplement dans une agence ou après de votre gestionnaire.,"Je viens exprimer mon mécontentement envers la SGCI 
Pour prélèvement de 10 500 pour frais annuel carte bancaire pourtant j'ai déjà été prélevé le 2 janvier à hauteur de 15 000 fr
Ensuite depuis plus 2 mois j'ai résilié mon contrat d'assurance SOGETUDE et jusqu'à présent rien et on me fait savoir que c'est pas au niveau de la banque"
2025-07-06,group_OLB,"Moi même c'est la carte je ne veux plus. En plus de la carte 15000 CFA/an ils vont te facturer application 2200 CFA/mois + agio 5000 CFA/mois.
C'est trop tout ça.","Je viens exprimer mon mécontentement envers la SGCI 
Pour prélèvement de 10 500 pour frais annuel carte bancaire pourtant j'ai déjà été prélevé le 2 janvier à hauteur de 15 000 fr
Ensuite depuis plus 2 mois j'ai résilié mon contrat d'assurance SOGETUDE et jusqu'à présent rien et on me fait savoir que c'est pas au niveau de la banque"
2025-07-06,group_OLB,"Société abuse de trop! Moi-même j'ai été coupé deux fois pour une carte que je n'ai même pas, pour épargne","Je viens exprimer mon mécontentement envers la SGCI 
Pour prélèvement de 10 500 pour frais annuel carte bancaire pourtant j'ai déjà été prélevé le 2 janvier à hauteur de 15 000 fr
Ensuite depuis plus 2 mois j'ai résilié mon contrat d'assurance SOGETUDE et jusqu'à présent rien et on me fait savoir que c'est pas au niveau de la banque"
2025-07-06,group_OLB,"Nouhou Abdoulaye Toure
c’est revenu merci apparement c’était un beug","Bonjour à tous !!!
Lors d'une opération de retrait d'argent au guichet de la SGCI qui s'est soldé par échec.
Je constate dans l'application SG CONNECT avec étonnement que j'ai été prélevé ,avec pour libellé << RÉSERVATION DE FONDS >>
 qu'est ce que cela signifie ?
J'ai besoin d'éclaircissements. Merci"
2025-07-06,group_OLB,"Dasse Yann Arthur
Il faut faire un courrier qui facilitera la prise en charge","Bonjour à tous !!!
Lors d'une opération de retrait d'argent au guichet de la SGCI qui s'est soldé par échec.
Je constate dans l'application SG CONNECT avec étonnement que j'ai été prélevé ,avec pour libellé << RÉSERVATION DE FONDS >>
 qu'est ce que cela signifie ?
J'ai besoin d'éclaircissements. Merci"
2025-07-06,group_OLB,"Vraiment,il faut que les autorités compétentes jettent un regard honnête sur les activités de cette banque.","Je viens exprimer mon mécontentement envers la SGCI 
Pour prélèvement de 10 500 pour frais annuel carte bancaire pourtant j'ai déjà été prélevé le 2 janvier à hauteur de 15 000 fr
Ensuite depuis plus 2 mois j'ai résilié mon contrat d'assurance SOGETUDE et jusqu'à présent rien et on me fait savoir que c'est pas au niveau de la banque"
2025-07-06,group_OLB,"Voyez-vous, normalement pour quitter une banque, la législation dit qu'il faut au maximum 23 jours ouvrés à compter du premier jour des démarches. Et si la banque qu'on quitte traîne pour délivrer l'attestation de redevance par exemple pour quelqu'un qui est sous engagement, le client peut saisir la structure en charge qui va mettre la pression à la banque. Mais en côte d'Ivoire, on joue tellement les illettrés que les banques traînent avec le dossier pendant 3 mois voire 6 mois et on continue de subir ses humeurs. Il faut que les choses commencent à changer...","Bonjour à tous, Svp quels sont les documents à fournir pour quitter une banque ?
Je veux avoir une idée nette avant de me rendre dès demain matin dans les locaux de la SGCI. Merci."
2025-07-06,group_OLB,Vraiment hein,"SGCI , Svp venez réparer votre guichet automatique ( GAB) mis à notre disposition à FRESCO. 
ça fait pratiquement 1 mois que le GAB ne fonctionne pas et pour un simple retrait nous sommes obligés de dépenser 6 à 7mi voir 10mil pour aller faire un retrait à Sassadra, Dabou ou Abidjan.  
Je précise qu'il n'y a que le seul guichet pour toute la ville."
2025-07-06,group_OLB,"si vous avez un crédit avec votre banque, il faut déjà commencer par annuler votre autorisation de découvert si vous en avez une, ensuite demander une attestation de redevance pour connaitre votre encours afin de le rembourser. sinon si vous n'avez pas de crédit, il faut faire la demande d'une attestation de non redevance et de clôture pour partir de la banque.","Bonjour à tous, Svp quels sont les documents à fournir pour quitter une banque ?
Je veux avoir une idée nette avant de me rendre dès demain matin dans les locaux de la SGCI. Merci."
2025-07-06,group_OLB,Ya quoi Botchue ?,"Bonjour à tous, Svp quels sont les documents à fournir pour quitter une banque ?
Je veux avoir une idée nette avant de me rendre dès demain matin dans les locaux de la SGCI. Merci."
2025-07-06,group_OLB,Est ce que tu as le cardio pour ça ?,"Bonjour à tous, Svp quels sont les documents à fournir pour quitter une banque ?
Je veux avoir une idée nette avant de me rendre dès demain matin dans les locaux de la SGCI. Merci."
2025-07-06,group_OLB,"Généralement un divorce se fait à l'amiable. Mais là où un conjoint sent que son ""dâbâli""
est hypothéqué, il ne va jamais accepter la séparation. C'est comme ça avec les banques, genre : "" tu as regardé ma belle forme et mon joli visage, tu m'as fanée, mes seins sont tombés et tu veux me laisser ? Je ne signerai pas l'acte de divorce !!!"".","Bonjour à tous, Svp quels sont les documents à fournir pour quitter une banque ?
Je veux avoir une idée nette avant de me rendre dès demain matin dans les locaux de la SGCI. Merci."
2025-07-06,group_OLB,On ne fournit pas de document à sa banque. On demande à sa banque un certificat de non-redevance et un certificat de clôture de compte,"Bonjour à tous, Svp quels sont les documents à fournir pour quitter une banque ?
Je veux avoir une idée nette avant de me rendre dès demain matin dans les locaux de la SGCI. Merci."
2025-07-06,group_OLB,"Il faut faire une demande de redevance si tu es sur prêt ou une demande de non redevance si tu es clean. Et attendre au moins deux semaines si le gestionnaire ne t'a appelé, si tu repars le voir pour exiger qu'il donne l'autorisation au Service Juridique et Contentieux de te délivrer ton document. À NSIA on le retire au siège ( Service Juridique) à 50.000f
Il faut serrer la ceinture hein car les Banques font traîner le dossier pour te décourager. Ensuite tu iras à la Solde pour le reste","Bonjour à tous, Svp quels sont les documents à fournir pour quitter une banque ?
Je veux avoir une idée nette avant de me rendre dès demain matin dans les locaux de la SGCI. Merci."
2025-07-06,group_OLB,"Idriss Zaogo
Merci pour votre réponse","3 mois bientôt 4 que j'ai à 3 reprises  demandé le rachat total de mon prêt à l'agence SGCI MARCORY CENTRE aucune suite.
J'ai contacté 2 fois le centre de relation client. Zéro suite. je vais monter le ton. Avez-vous une idée ?
Société Générale Côte d’Ivoire 
Observatoire De Justice CI 
OBSERVATOIRE LIBRE DES BANQUES DE CI (OLBCI)"
2025-07-06,group_OLB,SGCI... Prrrrrrrrrr... Déception totale... Aucun service après vente !!!!,"3 mois bientôt 4 que j'ai à 3 reprises  demandé le rachat total de mon prêt à l'agence SGCI MARCORY CENTRE aucune suite.
J'ai contacté 2 fois le centre de relation client. Zéro suite. je vais monter le ton. Avez-vous une idée ?
Société Générale Côte d’Ivoire 
Observatoire De Justice CI 
OBSERVATOIRE LIBRE DES BANQUES DE CI (OLBCI)"
2025-07-06,group_OLB,"Davy's Boka
tu es où maintenant ?","3 mois bientôt 4 que j'ai à 3 reprises  demandé le rachat total de mon prêt à l'agence SGCI MARCORY CENTRE aucune suite.
J'ai contacté 2 fois le centre de relation client. Zéro suite. je vais monter le ton. Avez-vous une idée ?
Société Générale Côte d’Ivoire 
Observatoire De Justice CI 
OBSERVATOIRE LIBRE DES BANQUES DE CI (OLBCI)"
2025-07-06,group_OLB,"Mathieu Koffi
Soubré maintenant la promo...","3 mois bientôt 4 que j'ai à 3 reprises  demandé le rachat total de mon prêt à l'agence SGCI MARCORY CENTRE aucune suite.
J'ai contacté 2 fois le centre de relation client. Zéro suite. je vais monter le ton. Avez-vous une idée ?
Société Générale Côte d’Ivoire 
Observatoire De Justice CI 
OBSERVATOIRE LIBRE DES BANQUES DE CI (OLBCI)"
2025-07-06,group_OLB,"Nouhou Abdoulaye Toure
l’argent reviens après ?","Bonjour à tous !!!
Lors d'une opération de retrait d'argent au guichet de la SGCI qui s'est soldé par échec.
Je constate dans l'application SG CONNECT avec étonnement que j'ai été prélevé ,avec pour libellé << RÉSERVATION DE FONDS >>
 qu'est ce que cela signifie ?
J'ai besoin d'éclaircissements. Merci"
2025-07-06,group_OLB,Je vais chercher à desouscrire à Sogetude,"Je viens exprimer mon mécontentement envers la SGCI 
Pour prélèvement de 10 500 pour frais annuel carte bancaire pourtant j'ai déjà été prélevé le 2 janvier à hauteur de 15 000 fr
Ensuite depuis plus 2 mois j'ai résilié mon contrat d'assurance SOGETUDE et jusqu'à présent rien et on me fait savoir que c'est pas au niveau de la banque"
2025-07-06,group_OLB,"Venez à la BDU-CI, tu n à même besoin de te déplacer pour faire ton retrait, il y'a possibilité de lier ton compte à wave et orange orange money, dans ce 21e siècle encore vous vous attroupez devant les guichets ? Pfff","SGCI , Svp venez réparer votre guichet automatique ( GAB) mis à notre disposition à FRESCO. 
ça fait pratiquement 1 mois que le GAB ne fonctionne pas et pour un simple retrait nous sommes obligés de dépenser 6 à 7mi voir 10mil pour aller faire un retrait à Sassadra, Dabou ou Abidjan.  
Je précise qu'il n'y a que le seul guichet pour toute la ville."
2025-07-06,group_OLB,"Prenez vos salaires au trésor public , toujours vous avez des problèmes avec les banques.et si tu veux ,vas creer ton compte au trésor banque.","SIB (Société Ivoirienne de Banque)
Bonjour chers amis !
Je viens partager ici une situation que je vis avec ma banque, et qui ne trouve pas d’issue favorable !
En effet, j’ai effectué un retrait de 200.000fcfa au GAB SGCI de Yopougon Bel Air le 22 mars dernier et j’ai été débitée 2 fois. Le 28 mars, je m’en suis rendue compte et ma gestionnaire me l’a confirmé, j’ai donc enregistré aussitôt une réclamation en ligne via l’outil prévu à… En voir plus"
2025-07-06,group_OLB,"Nous sommes bel et bien à l'ère du numerique,de la digitalisation où les données informatiques se traitent en un laps de temps.Mais comment comprendre que pour un retrait deplacé,on y met assez de temps pour apporter une rectification ?","SIB (Société Ivoirienne de Banque)
Bonjour chers amis !
Je viens partager ici une situation que je vis avec ma banque, et qui ne trouve pas d’issue favorable !
En effet, j’ai effectué un retrait de 200.000fcfa au GAB SGCI de Yopougon Bel Air le 22 mars dernier et j’ai été débitée 2 fois. Le 28 mars, je m’en suis rendue compte et ma gestionnaire me l’a confirmé, j’ai donc enregistré aussitôt une réclamation en ligne via l’outil prévu à… En voir plus"
2025-07-06,group_OLB,Vérifiez bien avant tout si l’opération en question figure toujours parmi les opérations sur votre compte.,"SIB (Société Ivoirienne de Banque)
Bonjour chers amis !
Je viens partager ici une situation que je vis avec ma banque, et qui ne trouve pas d’issue favorable !
En effet, j’ai effectué un retrait de 200.000fcfa au GAB SGCI de Yopougon Bel Air le 22 mars dernier et j’ai été débitée 2 fois. Le 28 mars, je m’en suis rendue compte et ma gestionnaire me l’a confirmé, j’ai donc enregistré aussitôt une réclamation en ligne via l’outil prévu à… En voir plus"
2025-07-06,group_OLB,"Ah ... avec nos banques ...
Du n'importe quoi...","SIB (Société Ivoirienne de Banque)
Bonjour chers amis !
Je viens partager ici une situation que je vis avec ma banque, et qui ne trouve pas d’issue favorable !
En effet, j’ai effectué un retrait de 200.000fcfa au GAB SGCI de Yopougon Bel Air le 22 mars dernier et j’ai été débitée 2 fois. Le 28 mars, je m’en suis rendue compte et ma gestionnaire me l’a confirmé, j’ai donc enregistré aussitôt une réclamation en ligne via l’outil prévu à… En voir plus"
2025-07-06,group_OLB,"on dit leur meilleur ami c'est le bruit, quand le bruit parle il exécute. donc un peu de bruit et tu vera la suite.","SIB (Société Ivoirienne de Banque)
Bonjour chers amis !
Je viens partager ici une situation que je vis avec ma banque, et qui ne trouve pas d’issue favorable !
En effet, j’ai effectué un retrait de 200.000fcfa au GAB SGCI de Yopougon Bel Air le 22 mars dernier et j’ai été débitée 2 fois. Le 28 mars, je m’en suis rendue compte et ma gestionnaire me l’a confirmé, j’ai donc enregistré aussitôt une réclamation en ligne via l’outil prévu à… En voir plus"
2025-07-06,group_OLB,"Évitez si possible les retraits d'argent dans les GAB des banques consœurs ,sauf impossibilité de trouver un guichet de sa banque.","SIB (Société Ivoirienne de Banque)
Bonjour chers amis !
Je viens partager ici une situation que je vis avec ma banque, et qui ne trouve pas d’issue favorable !
En effet, j’ai effectué un retrait de 200.000fcfa au GAB SGCI de Yopougon Bel Air le 22 mars dernier et j’ai été débitée 2 fois. Le 28 mars, je m’en suis rendue compte et ma gestionnaire me l’a confirmé, j’ai donc enregistré aussitôt une réclamation en ligne via l’outil prévu à… En voir plus"
2025-07-06,group_OLB,"Je vous conseille d’imprimer votre relevé de compte afin de vérifier l’ensemble de vos opérations. Si le virement n’a pas été effectué, contactez de nouveau votre banque pour demander une régularisation.","SIB (Société Ivoirienne de Banque)
Bonjour chers amis !
Je viens partager ici une situation que je vis avec ma banque, et qui ne trouve pas d’issue favorable !
En effet, j’ai effectué un retrait de 200.000fcfa au GAB SGCI de Yopougon Bel Air le 22 mars dernier et j’ai été débitée 2 fois. Le 28 mars, je m’en suis rendue compte et ma gestionnaire me l’a confirmé, j’ai donc enregistré aussitôt une réclamation en ligne via l’outil prévu à… En voir plus"
2025-07-06,group_OLB,Pour tout le département,"SGCI , Svp venez réparer votre guichet automatique ( GAB) mis à notre disposition à FRESCO. 
ça fait pratiquement 1 mois que le GAB ne fonctionne pas et pour un simple retrait nous sommes obligés de dépenser 6 à 7mi voir 10mil pour aller faire un retrait à Sassadra, Dabou ou Abidjan.  
Je précise qu'il n'y a que le seul guichet pour toute la ville."
2025-07-06,group_OLB,"S'ils veulent plus du coin , nous allons le transformer en chambre salon pour y habiter.","SGCI , Svp venez réparer votre guichet automatique ( GAB) mis à notre disposition à FRESCO. 
ça fait pratiquement 1 mois que le GAB ne fonctionne pas et pour un simple retrait nous sommes obligés de dépenser 6 à 7mi voir 10mil pour aller faire un retrait à Sassadra, Dabou ou Abidjan.  
Je précise qu'il n'y a que le seul guichet pour toute la ville."
2025-07-06,group_OLB,"Ne vous inquiétez pas, une équipe est en route pour le mettre sur pied. Cependant, veuillez vous déplacer pour vos retraits.","SGCI , Svp venez réparer votre guichet automatique ( GAB) mis à notre disposition à FRESCO. 
ça fait pratiquement 1 mois que le GAB ne fonctionne pas et pour un simple retrait nous sommes obligés de dépenser 6 à 7mi voir 10mil pour aller faire un retrait à Sassadra, Dabou ou Abidjan.  
Je précise qu'il n'y a que le seul guichet pour toute la ville."
2025-06-29,group_OLB,Cette banque là......,"Bonjour. Je suis domiciliée à la SGCI (ex SGBCI), depuis plus de 36 ans, voire encore plus puisque j'y ai ouvert mon compte d'épargne étant étudiante. En fin d'année 2024, début 2025, je reçois un coup de fil de mon agence ( la seule et unique fois), me conviant à une rencontre avec la Chef d'agence. Agréablement surprise je me déplace,  douche froide. J'ai été conviée pour m'annoncer que j'étais éligible aux crédits hummmmm. Évidemme… En voir plus"
2025-06-29,group_OLB,"Il s'agit là du Certicompte en question, c'est 6000 Francs par an mais qui sont facturés mensuellement à 500 Francs.
Fin Avril début juin, le pack Horizon+ a été facturé à 6648 Francs, c'est la différence qui vient d'être régularisée !",Après certicompte c'est quoi ça encores sgci
2025-06-29,group_OLB,Moi même je comprends plus rien dans tout ce qui se passe j'ai reçu le même message la somme totale fais 8454f hum sais même pas les détails de ce pack,Après certicompte c'est quoi ça encores sgci
2025-06-29,group_OLB,En cas de sinistre quelle est la procédure qu'on doit engager.,Bonsoir chers administrateurs et membres de la plate-forme.... je viend de recevoir ce message à cet instant de Socgen. Sgci. Svp expliquer moi
2025-06-29,group_OLB,Pour une assurance fiable et efficace je vous conseille Yako Africa,Bonsoir chers administrateurs et membres de la plate-forme.... je viend de recevoir ce message à cet instant de Socgen. Sgci. Svp expliquer moi
2025-06-29,group_OLB,"Joignant l'acte à la parole, c'est vraiment fait",Bonsoir chers administrateurs et membres de la plate-forme.... je viend de recevoir ce message à cet instant de Socgen. Sgci. Svp expliquer moi
2025-06-29,group_OLB,Moi j'ai commencé à prendre des renseignements sur les autres banques. Parce que moi et cette boîte notre contrat prend fin ce mois.,Bonsoir chers administrateurs et membres de la plate-forme.... je viend de recevoir ce message à cet instant de Socgen. Sgci. Svp expliquer moi
2025-06-29,group_OLB,"Ne soyez surtout pas paniqué
CERTICOMPTE est une assurance prévoyance qui protège le compte et les ayant droitsn du souscripteur en cas de sinistre.
A l'ouverture du compte , elle fait partie du PARKAGE c'est-à-dire tout ceux qui sont facturé s a 7150 ou plus comme AGIOS sont en PARKAGE donc dans le montant prélevé chaque mois, il y a ( commission ,carte magnétique, sg connect , messalia, chéquier , certicompte, ....) maintenant les mois précédents ( avril et mai) le système a fait que le montant dédié a l'assurance CERTICOMPTE (502/mois) dans ce PARKAGE là n'est pas passé donc pour ceux qui reçu ce message, la générale vous informe qu'elle va faire un rappel de ces prélèvements en juin .
Concrètement cela voudrait dire que votre AGIO habituel va augmenter seulement pour ce mois d'environ 1004 pour deux mois et 502 pour un moi affin de rattraper les erreurs du ou des mois passées.
Vous qui avez connect vous pouvez vérifier, votre agio du mois passé était légèrement inférieur a l'AGIO habituel. Donc c'est un rattrapage et CERTICOMPTE est un produit d'assurance souscrit depuis l'ouverture du compte.
La où il y le problème, c'est la manœuvre presque frauduleuse des banques, même si c'est un PARKAGE, il faut prendre le temps d'expliquer tout ca aux clients.
Des milliers de clients ont signé sans le savoir et même son rôle. Maintenant comme ils ne savent pas, en cas de sinistre qui fait quoi puisque aucune procédures ne sera engagé ?",Bonsoir chers administrateurs et membres de la plate-forme.... je viend de recevoir ce message à cet instant de Socgen. Sgci. Svp expliquer moi
2025-06-29,group_OLB,Aaah ces banques ivoiriennes,"Bonjour. Je suis domiciliée à la SGCI (ex SGBCI), depuis plus de 36 ans, voire encore plus puisque j'y ai ouvert mon compte d'épargne étant étudiante. En fin d'année 2024, début 2025, je reçois un coup de fil de mon agence ( la seule et unique fois), me conviant à une rencontre avec la Chef d'agence. Agréablement surprise je me déplace,  douche froide. J'ai été conviée pour m'annoncer que j'étais éligible aux crédits hummmmm. Évidemme… En voir plus"
2025-06-29,group_OLB,"Madame Yako,réclame activement tes 11000 f c'est de l'escroquerie à visage découvert. Tout en te prennant pour une ignorante.","Bonjour. Je suis domiciliée à la SGCI (ex SGBCI), depuis plus de 36 ans, voire encore plus puisque j'y ai ouvert mon compte d'épargne étant étudiante. En fin d'année 2024, début 2025, je reçois un coup de fil de mon agence ( la seule et unique fois), me conviant à une rencontre avec la Chef d'agence. Agréablement surprise je me déplace,  douche froide. J'ai été conviée pour m'annoncer que j'étais éligible aux crédits hummmmm. Évidemme… En voir plus"
2025-06-29,group_OLB,C'est combien le taux d'intérêt du prêt ?,"Salut les durs gars de la plateforme !Pour un prêt personnel ordinaire de 5.000. 000 F sur 7 ans  , on me prélèvera combien par mois ? NB : SGCI"
2025-06-29,group_OLB,"Ah ... ces banques de ce pays...
Du n'importe quoi...","Bonjour. Je suis domiciliée à la SGCI (ex SGBCI), depuis plus de 36 ans, voire encore plus puisque j'y ai ouvert mon compte d'épargne étant étudiante. En fin d'année 2024, début 2025, je reçois un coup de fil de mon agence ( la seule et unique fois), me conviant à une rencontre avec la Chef d'agence. Agréablement surprise je me déplace,  douche froide. J'ai été conviée pour m'annoncer que j'étais éligible aux crédits hummmmm. Évidemme… En voir plus"
2025-06-29,group_OLB,"Très souvent nous recevons les messages mais ne prêtons pas attention.
À priori quand vous faites une demande de chéquier, selon l'information reçu, il est disponible en 2 semaines, mais vous avez au maximum 6 mois pour le retrait.
Yako!!!","Bonjour. Je suis domiciliée à la SGCI (ex SGBCI), depuis plus de 36 ans, voire encore plus puisque j'y ai ouvert mon compte d'épargne étant étudiante. En fin d'année 2024, début 2025, je reçois un coup de fil de mon agence ( la seule et unique fois), me conviant à une rencontre avec la Chef d'agence. Agréablement surprise je me déplace,  douche froide. J'ai été conviée pour m'annoncer que j'étais éligible aux crédits hummmmm. Évidemme… En voir plus"
2025-06-29,group_OLB,"Encore eux .
je vais devoir updated mes connaissances en droits bancaires .
Un peu trop d’abus à la fin .","Bonjour. Je suis domiciliée à la SGCI (ex SGBCI), depuis plus de 36 ans, voire encore plus puisque j'y ai ouvert mon compte d'épargne étant étudiante. En fin d'année 2024, début 2025, je reçois un coup de fil de mon agence ( la seule et unique fois), me conviant à une rencontre avec la Chef d'agence. Agréablement surprise je me déplace,  douche froide. J'ai été conviée pour m'annoncer que j'étais éligible aux crédits hummmmm. Évidemme… En voir plus"
2025-06-29,group_OLB,Merciiiii aux administrateurs d'avoir validé mon post.,"Bonjour. Je suis domiciliée à la SGCI (ex SGBCI), depuis plus de 36 ans, voire encore plus puisque j'y ai ouvert mon compte d'épargne étant étudiante. En fin d'année 2024, début 2025, je reçois un coup de fil de mon agence ( la seule et unique fois), me conviant à une rencontre avec la Chef d'agence. Agréablement surprise je me déplace,  douche froide. J'ai été conviée pour m'annoncer que j'étais éligible aux crédits hummmmm. Évidemme… En voir plus"
2025-06-29,group_OLB,"Quand tu as besoin d'eux, c'est là tu connais leur véritable visage... quand elles (banques) veulent vendre leur '' argent '' , c'est là tu mérites les respects inimaginable s. Que Dieu continue de nous protéger de leurs ''griffes''.","Bonjour. Je suis domiciliée à la SGCI (ex SGBCI), depuis plus de 36 ans, voire encore plus puisque j'y ai ouvert mon compte d'épargne étant étudiante. En fin d'année 2024, début 2025, je reçois un coup de fil de mon agence ( la seule et unique fois), me conviant à une rencontre avec la Chef d'agence. Agréablement surprise je me déplace,  douche froide. J'ai été conviée pour m'annoncer que j'étais éligible aux crédits hummmmm. Évidemme… En voir plus"
2025-06-29,group_OLB,J'ai été prélevé aussi. Pffff Eh Seigneur,Après certicompte c'est quoi ça encores sgci
2025-06-29,group_OLB,"J'ai moi aussi été victime de leur destruction onéreuse (11 000 frs CFA) de chéquier cette année. Effectivement, ils n'ont eu ni l'amabilité ni le professionnalisme de m'informer de la disponibilité de mon chéquier. Je sens qu'on risque de se laisser un de ces jours. Aucun respect pour les clients.","Bonjour. Je suis domiciliée à la SGCI (ex SGBCI), depuis plus de 36 ans, voire encore plus puisque j'y ai ouvert mon compte d'épargne étant étudiante. En fin d'année 2024, début 2025, je reçois un coup de fil de mon agence ( la seule et unique fois), me conviant à une rencontre avec la Chef d'agence. Agréablement surprise je me déplace,  douche froide. J'ai été conviée pour m'annoncer que j'étais éligible aux crédits hummmmm. Évidemme… En voir plus"
2025-06-29,group_OLB,"Ils ont foutaise même
vous m'appeler je laisse mes occupations pour vous entendre dire que je peux prendre prêt pour leur bien-être","Bonjour. Je suis domiciliée à la SGCI (ex SGBCI), depuis plus de 36 ans, voire encore plus puisque j'y ai ouvert mon compte d'épargne étant étudiante. En fin d'année 2024, début 2025, je reçois un coup de fil de mon agence ( la seule et unique fois), me conviant à une rencontre avec la Chef d'agence. Agréablement surprise je me déplace,  douche froide. J'ai été conviée pour m'annoncer que j'étais éligible aux crédits hummmmm. Évidemme… En voir plus"
2025-06-29,group_OLB,"Yako Mme, les banquiers veulent voir les gens toujours dans problème !!! J'ai menacé une dame de la
SIB - Société Ivoirienne de Banque
de ne plus jamais m'appeler pour me parler de venir prendre crédit sinon je serai très désagréable envers elle. En 2 mois 5 appels!!! C'est forcé de prendre prêt ??? J'attends impatiemment le prochain coup de fil.......","Bonjour. Je suis domiciliée à la SGCI (ex SGBCI), depuis plus de 36 ans, voire encore plus puisque j'y ai ouvert mon compte d'épargne étant étudiante. En fin d'année 2024, début 2025, je reçois un coup de fil de mon agence ( la seule et unique fois), me conviant à une rencontre avec la Chef d'agence. Agréablement surprise je me déplace,  douche froide. J'ai été conviée pour m'annoncer que j'étais éligible aux crédits hummmmm. Évidemme… En voir plus"
2025-06-29,group_OLB,Il m'ont fait la même chose. J'ai été prélevé 2 fois à un mois d'intervalle pour destruction de chéquier soit au total 22000f pour les deux. J'ai fais réclamation à l'agence d'abengourou résultats rien J'ai contacté mon gestionnaire rien .c'est le 20 20 10 10 (service clientèle) qui a réglé mon problème à moitié.car j'ai reçu seulement 11000f après ma réclamation auprès d'eux donc fait ta réclamation auprès du service clientèle.,"Bonjour. Je suis domiciliée à la SGCI (ex SGBCI), depuis plus de 36 ans, voire encore plus puisque j'y ai ouvert mon compte d'épargne étant étudiante. En fin d'année 2024, début 2025, je reçois un coup de fil de mon agence ( la seule et unique fois), me conviant à une rencontre avec la Chef d'agence. Agréablement surprise je me déplace,  douche froide. J'ai été conviée pour m'annoncer que j'étais éligible aux crédits hummmmm. Évidemme… En voir plus"
2025-06-29,group_OLB,Je viens de constater le mien . Qu'est ce qui n'a pas marché,Après certicompte c'est quoi ça encores sgci
2025-06-29,group_OLB,"Koua Francois Xavirt Affi
ok","SGCI, donc j'ai une assurance là-bas et je suis pas informé. 
Je n'ai jamais donner le nom d'un ayant droit. 
En cas de sinistre dont vous parlez l'argent revient à qui?
L'homme souffre pour avoir son argent hein 
C'est pas normal... ""Assurance là c'est forcé"" ?"
2025-06-29,group_OLB,Oui également,Après certicompte c'est quoi ça encores sgci
2025-06-29,group_OLB,"Avant même de parler d'ayant droit, quelle est la police d'assurance ?
C'est à dire le document que l'assurance te remet après validation de ton dossier ?
C'est dire que dans une large mesure, vous êtes dans une anarque des gestionnaires","SGCI, donc j'ai une assurance là-bas et je suis pas informé. 
Je n'ai jamais donner le nom d'un ayant droit. 
En cas de sinistre dont vous parlez l'argent revient à qui?
L'homme souffre pour avoir son argent hein 
C'est pas normal... ""Assurance là c'est forcé"" ?"
2025-06-29,group_OLB,Réfléchi bien sinon tu pourras pas. Merci,"Salut les durs gars de la plateforme !Pour un prêt personnel ordinaire de 5.000. 000 F sur 7 ans  , on me prélèvera combien par mois ? NB : SGCI"
2025-06-29,group_OLB,Il faut connaître ton solde avant de se prononcer. Néanmoins il faut faire ton solde divisé par 3 et tu peux peut-être te faire une idée de ce qu'on peut te soustraire chaque fin du mois.,"Salut les durs gars de la plateforme !Pour un prêt personnel ordinaire de 5.000. 000 F sur 7 ans  , on me prélèvera combien par mois ? NB : SGCI"
2025-06-29,group_OLB,"On ne connait meme pas le taux que la banque vous donne nible Pel qubils vous demanderont , ni les fra8s de la ssurance , vous esperez quellle reponse ici ? Rien de ce qui sera dit ici ne sera officiel , rendez vous à la banque","Salut les durs gars de la plateforme !Pour un prêt personnel ordinaire de 5.000. 000 F sur 7 ans  , on me prélèvera combien par mois ? NB : SGCI"
2025-06-29,group_OLB,Heeeeeee Fhummm..,"Salut les durs gars de la plateforme !Pour un prêt personnel ordinaire de 5.000. 000 F sur 7 ans  , on me prélèvera combien par mois ? NB : SGCI"
2025-06-29,group_OLB,"Va voir ton gestionnaire, ton prélèvement dépendra de ton salaire.","Salut les durs gars de la plateforme !Pour un prêt personnel ordinaire de 5.000. 000 F sur 7 ans  , on me prélèvera combien par mois ? NB : SGCI"
2025-06-29,group_OLB,C'est en fonction de ton salaire. Environ 100000f,"Salut les durs gars de la plateforme !Pour un prêt personnel ordinaire de 5.000. 000 F sur 7 ans  , on me prélèvera combien par mois ? NB : SGCI"
2025-06-29,group_OLB,Faut voir ton gestionnaire,"Salut les durs gars de la plateforme !Pour un prêt personnel ordinaire de 5.000. 000 F sur 7 ans  , on me prélèvera combien par mois ? NB : SGCI"
2025-06-29,group_OLB,Utilise le simulateur de sgci connect,"Salut les durs gars de la plateforme !Pour un prêt personnel ordinaire de 5.000. 000 F sur 7 ans  , on me prélèvera combien par mois ? NB : SGCI"
2025-06-29,group_OLB,C'est d'abord ton salaire qui permettra de connaître ce montant...,"Salut les durs gars de la plateforme !Pour un prêt personnel ordinaire de 5.000. 000 F sur 7 ans  , on me prélèvera combien par mois ? NB : SGCI"
2025-06-29,group_OLB,Entre 120 et 130 milles,"Salut les durs gars de la plateforme !Pour un prêt personnel ordinaire de 5.000. 000 F sur 7 ans  , on me prélèvera combien par mois ? NB : SGCI"
2025-06-29,group_OLB,"Pour 4890.000 sur 7ans
On ne prélève actuellement 93.199f
93.199× 84 .
Je te laisse trouver le résultat","Salut les durs gars de la plateforme !Pour un prêt personnel ordinaire de 5.000. 000 F sur 7 ans  , on me prélèvera combien par mois ? NB : SGCI"
2025-06-29,group_OLB,On va te prélever 84000f.plus 25000f pel par mois sur 7 ans,"Salut les durs gars de la plateforme !Pour un prêt personnel ordinaire de 5.000. 000 F sur 7 ans  , on me prélèvera combien par mois ? NB : SGCI"
2025-06-29,group_OLB,Certicompte...quietis...grand public. ..ils vont nous tuer,"SGCI, de quoi parle ce message que vous envoyez à certains clients ????
""la prime CERTICOMPTE non prélevée en 2025""
Faites bien oooohhh. Huuuuuuuuummmmmmm"
2025-06-29,group_OLB,Bientôt le départ de cette banque,"SGCI, de quoi parle ce message que vous envoyez à certains clients ????
""la prime CERTICOMPTE non prélevée en 2025""
Faites bien oooohhh. Huuuuuuuuummmmmmm"
2025-06-29,group_OLB,Je sens que je vais aller faire beaucoup de bruit là-bas jusqu'à ils font apprécier walahï,"SGCI, de quoi parle ce message que vous envoyez à certains clients ????
""la prime CERTICOMPTE non prélevée en 2025""
Faites bien oooohhh. Huuuuuuuuummmmmmm"
2025-06-29,group_OLB,Effectivement,"SGCI, de quoi parle ce message que vous envoyez à certains clients ????
""la prime CERTICOMPTE non prélevée en 2025""
Faites bien oooohhh. Huuuuuuuuummmmmmm"
2025-06-29,group_OLB,"Franchement hein, nos banques d'ici ne font pas mieux que les ""microbes"" par la faute de nos autorités qui manquent de rigueur et de transparence.","Bonjour. Je suis domiciliée à la SGCI (ex SGBCI), depuis plus de 36 ans, voire encore plus puisque j'y ai ouvert mon compte d'épargne étant étudiante. En fin d'année 2024, début 2025, je reçois un coup de fil de mon agence ( la seule et unique fois), me conviant à une rencontre avec la Chef d'agence. Agréablement surprise je me déplace,  douche froide. J'ai été conviée pour m'annoncer que j'étais éligible aux crédits hummmmm. Évidemme… En voir plus"
2025-06-29,group_OLB,Va voir ton gestionnaire pour résilier,"SGCI, donc j'ai une assurance là-bas et je suis pas informé. 
Je n'ai jamais donner le nom d'un ayant droit. 
En cas de sinistre dont vous parlez l'argent revient à qui?
L'homme souffre pour avoir son argent hein 
C'est pas normal... ""Assurance là c'est forcé"" ?"
2025-06-29,group_OLB,"Quand vous remplissez la paperasse pour l'ouverture, ils vous ouvre un compte assurance de gré ou non. Souvent ont ne fait pas attention.
C'est 10mil je pense","SGCI, donc j'ai une assurance là-bas et je suis pas informé. 
Je n'ai jamais donner le nom d'un ayant droit. 
En cas de sinistre dont vous parlez l'argent revient à qui?
L'homme souffre pour avoir son argent hein 
C'est pas normal... ""Assurance là c'est forcé"" ?"
2025-06-29,group_OLB,"Ceux là tant que nous serons dans nos positions attentistes,ils ne nous foutrons jamais la paix. Seuls des procès avec demande de dédommagement conséquents imposeront le respect.","Bonjour. Je suis domiciliée à la SGCI (ex SGBCI), depuis plus de 36 ans, voire encore plus puisque j'y ai ouvert mon compte d'épargne étant étudiante. En fin d'année 2024, début 2025, je reçois un coup de fil de mon agence ( la seule et unique fois), me conviant à une rencontre avec la Chef d'agence. Agréablement surprise je me déplace,  douche froide. J'ai été conviée pour m'annoncer que j'étais éligible aux crédits hummmmm. Évidemme… En voir plus"
2025-06-29,group_OLB,Même chose je reviens de la générale aucune explication fiable que ces rattrapage il n'avait pas facturé 2mois raisons pour laquelle je suis qui devant j'ai l'honneur en téléchargement,Bonjour à tous. Quelqu'un peut m'expliquer ces doubles prélèvements #SGCI
2025-06-29,group_OLB,C'est la même chose chez moi dans un même moi,Bonjour à tous. Quelqu'un peut m'expliquer ces doubles prélèvements #SGCI
2025-06-29,group_OLB,C’est un produit de la Sgci,"Svp retour d'expérience sur l'assurance yaconfort de la SGCI.
Merci!"
2025-06-29,group_OLB,Pareil chez moi,Bonjour à tous. Quelqu'un peut m'expliquer ces doubles prélèvements #SGCI
2025-06-29,group_OLB,Bon produit en tout cas,"Svp retour d'expérience sur l'assurance yaconfort de la SGCI.
Merci!"
2025-06-29,group_OLB,"Svp est ce que quand on résilie, ils remboursent ?","Svp retour d'expérience sur l'assurance yaconfort de la SGCI.
Merci!"
2025-06-29,group_OLB,C’est une assurance obsèques(parents) où tu es prélevé 7000 mille par an et en cas de sinistre on te remet un million,"Svp retour d'expérience sur l'assurance yaconfort de la SGCI.
Merci!"
2025-06-29,group_OLB,Elle est souvent liée au prêt bancaire.,"Svp retour d'expérience sur l'assurance yaconfort de la SGCI.
Merci!"
2025-06-29,group_OLB,Faut même pas essayer,"Svp retour d'expérience sur l'assurance yaconfort de la SGCI.
Merci!"
2025-06-29,group_OLB,Meilleur produit de l SGCI,"Svp retour d'expérience sur l'assurance yaconfort de la SGCI.
Merci!"
2025-06-29,group_OLB,"Ruth Koné
faites un courrier et faites le déposer par voie d'huissier.
Si vous avez les preuves de votre demande de rachat, portez plainte auprès de la Commission bancaire.","3 mois bientôt 4 que j'ai à 3 reprises  demandé le rachat total de mon prêt à l'agence SGCI MARCORY CENTRE aucune suite.
J'ai contacté 2 fois le centre de relation client. Zéro suite. je vais monter le ton. Avez-vous une idée ?
Société Générale Côte d’Ivoire 
Observatoire De Justice CI 
OBSERVATOIRE LIBRE DES BANQUES DE CI (OLBCI)"
2025-06-29,group_OLB,"J' ai rempli les formulaires de rachat total depuis le 14 février à l' agence Anyama toujours rien
À chaque fois que je m y rends on me fait remplir les mêmes formulaires alors qu au départ on m'a dit que ça ne prenait que deux semaines","3 mois bientôt 4 que j'ai à 3 reprises  demandé le rachat total de mon prêt à l'agence SGCI MARCORY CENTRE aucune suite.
J'ai contacté 2 fois le centre de relation client. Zéro suite. je vais monter le ton. Avez-vous une idée ?
Société Générale Côte d’Ivoire 
Observatoire De Justice CI 
OBSERVATOIRE LIBRE DES BANQUES DE CI (OLBCI)"
2025-06-29,group_OLB,Ça va dépendre de ton salaire hein boss,"Salut les durs gars de la plateforme !Pour un prêt personnel ordinaire de 5.000. 000 F sur 7 ans  , on me prélèvera combien par mois ? NB : SGCI"
2025-06-29,group_OLB,"Vas voir ton gestionnaire, il te fera une simulation","Salut les durs gars de la plateforme !Pour un prêt personnel ordinaire de 5.000. 000 F sur 7 ans  , on me prélèvera combien par mois ? NB : SGCI"
2025-06-29,group_OLB,9%,"Salut les durs gars de la plateforme !Pour un prêt personnel ordinaire de 5.000. 000 F sur 7 ans  , on me prélèvera combien par mois ? NB : SGCI"
2025-06-29,group_OLB,98000f + 25000 épargne.,"Salut les durs gars de la plateforme !Pour un prêt personnel ordinaire de 5.000. 000 F sur 7 ans  , on me prélèvera combien par mois ? NB : SGCI"
2025-06-29,group_OLB,Il y a quand même des choses qui sont incompréhensibles. Cette plateforme ne peut remplacer votre banque . Rendez vous dans votre agence une simulation sera faite . Tout ce que les uns et les autres diront ici seront incomplet,"Salut les durs gars de la plateforme !Pour un prêt personnel ordinaire de 5.000. 000 F sur 7 ans  , on me prélèvera combien par mois ? NB : SGCI"
2025-06-29,group_OLB,7ans c'est soufle hein,"Salut les durs gars de la plateforme !Pour un prêt personnel ordinaire de 5.000. 000 F sur 7 ans  , on me prélèvera combien par mois ? NB : SGCI"
2025-06-29,group_OLB,Vas sur Google et tape simulation de prêt bancaire à la sgci tu auras les informations recherchées,"Salut les durs gars de la plateforme !Pour un prêt personnel ordinaire de 5.000. 000 F sur 7 ans  , on me prélèvera combien par mois ? NB : SGCI"
2025-06-29,group_OLB,Toi tu crois que après le détournement de 74millions là quelqu'un va te donner crédit là bas encore ?,"Salut les durs gars de la plateforme !Pour un prêt personnel ordinaire de 5.000. 000 F sur 7 ans  , on me prélèvera combien par mois ? NB : SGCI"
2025-06-29,group_OLB,Je n'ai pas encore entendu parler quelqu'un qui confirme avoir reçu son argent en cas de sinistre.,"Svp retour d'expérience sur l'assurance yaconfort de la SGCI.
Merci!"
2025-06-29,group_OLB,.il faut avoir le cardio avec sgbci.si tu n'as pas pu tenir laba.que tu quitte.il nya pas de renversement.,"Svp retour d'expérience sur l'assurance yaconfort de la SGCI.
Merci!"
2025-06-29,group_OLB,C'est quelle assurance ça ??,"Svp retour d'expérience sur l'assurance yaconfort de la SGCI.
Merci!"
2025-06-29,group_OLB,C'est une erreur de programmation de la banque. Ils vont te les restituer en moins de 48h.,Bonjour à tous. Quelqu'un peut m'expliquer ces doubles prélèvements #SGCI
2025-06-29,group_OLB,Pareil pour moi je viens de la banque,Bonjour à tous. Quelqu'un peut m'expliquer ces doubles prélèvements #SGCI
2025-06-29,group_OLB,Voir ton gestionnaire,Bonjour à tous. Quelqu'un peut m'expliquer ces doubles prélèvements #SGCI
2025-06-29,group_OLB,Ah nous sommes dans le même bateau hein,Bonjour à tous. Quelqu'un peut m'expliquer ces doubles prélèvements #SGCI
2025-06-29,group_OLB,Moi même je comprends pas ces bêtises,Bonjour à tous. Quelqu'un peut m'expliquer ces doubles prélèvements #SGCI
2025-06-29,group_OLB,Ils m'ont fait ça fin avril,Bonjour à tous. Quelqu'un peut m'expliquer ces doubles prélèvements #SGCI
2025-06-29,group_OLB,"appelle ton gestionnaire,lui seul est habilité à mieux t'expliquer !",Bonjour à tous. Quelqu'un peut m'expliquer ces doubles prélèvements #SGCI
2025-06-29,group_OLB,"Posez leur la question à eux d abord , tout ce qu'onpourra dire ici ne fera pas avancer le schmilblick",Bonjour à tous. Quelqu'un peut m'expliquer ces doubles prélèvements #SGCI
2025-06-29,group_OLB,Je pensais être le seul,Bonjour à tous. Quelqu'un peut m'expliquer ces doubles prélèvements #SGCI
2025-06-29,group_OLB,"Ton cœur plus fort avec sgci,depuis j'ai changé de banque,j'ai regagner ma tranquillité financière.",Bonjour à tous. Quelqu'un peut m'expliquer ces doubles prélèvements #SGCI
2025-06-29,group_OLB,Personne ne peut te repondre avec certitude a par ton gestionnaire,"Salut les durs gars de la plateforme !Pour un prêt personnel ordinaire de 5.000. 000 F sur 7 ans  , on me prélèvera combien par mois ? NB : SGCI"
2025-06-29,group_OLB,Très bon produit,"Svp retour d'expérience sur l'assurance yaconfort de la SGCI.
Merci!"
2025-06-29,group_OLB,Le virement est fait au SGCI?,Bonjour à tous. Quelqu'un peut m'expliquer ces doubles prélèvements #SGCI
2025-06-29,group_OLB,On va commencer à quitter cette banque. Trop c'est trop,Bonjour à tous. Quelqu'un peut m'expliquer ces doubles prélèvements #SGCI
2025-06-29,group_OLB,Société Générale Côte d’Ivoire on veut des explications,Bonjour à tous. Quelqu'un peut m'expliquer ces doubles prélèvements #SGCI
2025-06-29,group_OLB,Je crois que le montant du prélèvement se fait par palier en fonction du salaire... Je peux me tromper.,"Salut les durs gars de la plateforme !Pour un prêt personnel ordinaire de 5.000. 000 F sur 7 ans  , on me prélèvera combien par mois ? NB : SGCI"
2025-06-29,group_OLB,"Si tu as SG Connect, fais y une simulation","Salut les durs gars de la plateforme !Pour un prêt personnel ordinaire de 5.000. 000 F sur 7 ans  , on me prélèvera combien par mois ? NB : SGCI"
2025-06-29,group_OLB,"Michel Behibro
J'ai vécu le même soucis et je le vis actuellement encore. C'était un virement d'Aout 2023 qui selon eux ne voyaient pas malgré le swift communiqué. Toute une gymnastique et un beau matin en décembre je reçois sans explication alors que la #SGCI disait ne pas avoir reçu. Actuellement c'est pareil avec un virement depuis début de ce mois","Bonjour à tous, quelqu'un de la SGCI peut m'aider par rapport à un virement non reçu depuis fin Mars. Mon agence me fait tourner depuis ma réclamation."
2025-06-15,group_OLB,"Oui ,si le credimatic est supérieur ou égal au montant du prêt.",Est-il possible de rembourser un prêt bancaire via CréditMatic de la SGBCI ?
2025-06-15,group_OLB,Tranquillement même,Est-il possible de rembourser un prêt bancaire via CréditMatic de la SGBCI ?
2025-06-15,group_OLB,Oui,Est-il possible de rembourser un prêt bancaire via CréditMatic de la SGBCI ?
2025-06-15,group_OLB,"Si votre credimatic couvre le prêt alors oui. Si vous disposez des fonds suffisants ( sur Épargne, PEL, PEC ou bien autre) vous avez le droit de demander à la banque d’utiliser ces fonds pour solder votre encours.",Est-il possible de rembourser un prêt bancaire via CréditMatic de la SGBCI ?
2025-06-15,group_OLB,Si le credimatic est au-dessus du prêt ouiii.,Est-il possible de rembourser un prêt bancaire via CréditMatic de la SGBCI ?
2025-05-25,group_OLB,Si tu as SG connect vérifie. Tout est dessus ( l'historique de tes transactions) un peu comme les traces laissées par wave. Avec ça tu seras situé de la date du retrait ou non du montant en question. Par contre si c'est pas fait tu le verras également. Bonne chance.,"Bonjour à tous, quelqu'un de la SGCI peut m'aider par rapport à un virement non reçu depuis fin Mars. Mon agence me fait tourner depuis ma réclamation."
2025-05-25,group_OLB,"Expliquez très bien la situation.
Au demeurant, demandez un relevé des opérations sur votre compte depuis janvier","Bonjour à tous, quelqu'un de la SGCI peut m'aider par rapport à un virement non reçu depuis fin Mars. Mon agence me fait tourner depuis ma réclamation."
2024-10-20,group_OLB,"Cela est très embêtant pour tout le monde.
Quand ça va il n'y a pas de problème mais lorsque le problème survint le caissier est seul face à son destin.
Ce n'est pas de gaité de cœur un banquier vous dit SIGNATURE NON CONFORME.
Les antécédents sont légions et beaucoup ont perdu leur boulot pour cette histoire.
Que les banques trouvent une alternative moins contraignante pour les opérations de caisse, même si on est habitué au classique.","Bonjour, quelqu'un peut il m'expliquer cette histoire de signature non conforme ? Je suis à l'agence sgci de la palmeraie je veux faire un retrait sur mon compte (avec mon chéquier et ma CNI) on me parle de non conformité de la signature et que je dois faire la même signature pourtant la semaine dernière encore j'ai fait un retrait avec la signature qui est dite non conforme 
. J'ai fait la signature à au moins 3 reprises on me dit… En voir plus"
2024-10-20,group_OLB,Yako,"Bonjour, quelqu'un peut il m'expliquer cette histoire de signature non conforme ? Je suis à l'agence sgci de la palmeraie je veux faire un retrait sur mon compte (avec mon chéquier et ma CNI) on me parle de non conformité de la signature et que je dois faire la même signature pourtant la semaine dernière encore j'ai fait un retrait avec la signature qui est dite non conforme 
. J'ai fait la signature à au moins 3 reprises on me dit… En voir plus"
2024-10-20,group_OLB,Oui ils sont comme ça avec les prélèvements abusifs en plus...,"Bonjour, quelqu'un peut il m'expliquer cette histoire de signature non conforme ? Je suis à l'agence sgci de la palmeraie je veux faire un retrait sur mon compte (avec mon chéquier et ma CNI) on me parle de non conformité de la signature et que je dois faire la même signature pourtant la semaine dernière encore j'ai fait un retrait avec la signature qui est dite non conforme 
. J'ai fait la signature à au moins 3 reprises on me dit… En voir plus"
2024-10-20,group_OLB,"Quand le montant est un peu élevé,c'est ce qu'il font toujours lorsque ce n'est pas ton agence .","Bonjour, quelqu'un peut il m'expliquer cette histoire de signature non conforme ? Je suis à l'agence sgci de la palmeraie je veux faire un retrait sur mon compte (avec mon chéquier et ma CNI) on me parle de non conformité de la signature et que je dois faire la même signature pourtant la semaine dernière encore j'ai fait un retrait avec la signature qui est dite non conforme 
. J'ai fait la signature à au moins 3 reprises on me dit… En voir plus"
2024-10-20,group_OLB,Il n'existe pas deux signatures conformes. C'est impossible,"Bonjour, quelqu'un peut il m'expliquer cette histoire de signature non conforme ? Je suis à l'agence sgci de la palmeraie je veux faire un retrait sur mon compte (avec mon chéquier et ma CNI) on me parle de non conformité de la signature et que je dois faire la même signature pourtant la semaine dernière encore j'ai fait un retrait avec la signature qui est dite non conforme 
. J'ai fait la signature à au moins 3 reprises on me dit… En voir plus"
2024-10-20,group_OLB,Prends ton temps et refais la signature.,"Bonjour, quelqu'un peut il m'expliquer cette histoire de signature non conforme ? Je suis à l'agence sgci de la palmeraie je veux faire un retrait sur mon compte (avec mon chéquier et ma CNI) on me parle de non conformité de la signature et que je dois faire la même signature pourtant la semaine dernière encore j'ai fait un retrait avec la signature qui est dite non conforme 
. J'ai fait la signature à au moins 3 reprises on me dit… En voir plus"
2024-10-20,group_OLB,"Boss, faut nous faire Wave si tu retires stp.","Bonjour, quelqu'un peut il m'expliquer cette histoire de signature non conforme ? Je suis à l'agence sgci de la palmeraie je veux faire un retrait sur mon compte (avec mon chéquier et ma CNI) on me parle de non conformité de la signature et que je dois faire la même signature pourtant la semaine dernière encore j'ai fait un retrait avec la signature qui est dite non conforme 
. J'ai fait la signature à au moins 3 reprises on me dit… En voir plus"
2024-10-20,group_OLB,"Dans le principe même, deux signatures ne peuvent être conformes trait pour trait.
Comme le disait quelqu'un plus haut, peut être le montant qui les rend plus exigeants !?
Si le montant n'est pas trop élevé et qu'il y a urgence, pourquoi ne pas passer par le gab ?!","Bonjour, quelqu'un peut il m'expliquer cette histoire de signature non conforme ? Je suis à l'agence sgci de la palmeraie je veux faire un retrait sur mon compte (avec mon chéquier et ma CNI) on me parle de non conformité de la signature et que je dois faire la même signature pourtant la semaine dernière encore j'ai fait un retrait avec la signature qui est dite non conforme 
. J'ai fait la signature à au moins 3 reprises on me dit… En voir plus"
2024-10-20,group_OLB,Ils ont fait ça à un monsieur très malade dans une banque au Burkina. Le monsieur est décédé. Ça a été très chaud.,"Bonjour, quelqu'un peut il m'expliquer cette histoire de signature non conforme ? Je suis à l'agence sgci de la palmeraie je veux faire un retrait sur mon compte (avec mon chéquier et ma CNI) on me parle de non conformité de la signature et que je dois faire la même signature pourtant la semaine dernière encore j'ai fait un retrait avec la signature qui est dite non conforme 
. J'ai fait la signature à au moins 3 reprises on me dit… En voir plus"
2024-10-20,group_OLB,"Peut-être que l'argent de cette fois-ci est beaucoup ...
C'est comme les mobile money qui te disent d'envoyer tes pieces pour un montant excédant une certaine somme.
Pourtant même signature là va servir à faire des dépôts sons problèmes ... Même si c'est milliards","Bonjour, quelqu'un peut il m'expliquer cette histoire de signature non conforme ? Je suis à l'agence sgci de la palmeraie je veux faire un retrait sur mon compte (avec mon chéquier et ma CNI) on me parle de non conformité de la signature et que je dois faire la même signature pourtant la semaine dernière encore j'ai fait un retrait avec la signature qui est dite non conforme 
. J'ai fait la signature à au moins 3 reprises on me dit… En voir plus"
2024-10-20,group_OLB,C'est a cause de cette histoire de signature non conforme que j'ai laissé la générale pour une autre banque.,"Bonjour, quelqu'un peut il m'expliquer cette histoire de signature non conforme ? Je suis à l'agence sgci de la palmeraie je veux faire un retrait sur mon compte (avec mon chéquier et ma CNI) on me parle de non conformité de la signature et que je dois faire la même signature pourtant la semaine dernière encore j'ai fait un retrait avec la signature qui est dite non conforme 
. J'ai fait la signature à au moins 3 reprises on me dit… En voir plus"
2024-10-20,group_OLB,"Il y a ce qu'on appelle ""la carte signature"" qui est créée lorsque vous ouvrez un compte et qui est insérée dans le logiciel que la banque utilise, laquelle prend en compte la signature du titulaire et est vérifiée toutes les fois que le client a besoin de faire une transaction qui l'engage. C'est par ce logiciel on voit que la signature n'est pas conforme si un seul petit élément ou un détail est différent. C'est un moyen sûr de contrôle.
Donc, ne vous énervez pas, reprenez bien votre signature.","Bonjour, quelqu'un peut il m'expliquer cette histoire de signature non conforme ? Je suis à l'agence sgci de la palmeraie je veux faire un retrait sur mon compte (avec mon chéquier et ma CNI) on me parle de non conformité de la signature et que je dois faire la même signature pourtant la semaine dernière encore j'ai fait un retrait avec la signature qui est dite non conforme 
. J'ai fait la signature à au moins 3 reprises on me dit… En voir plus"
2024-10-06,group_OLB,C'est un débit à tort et si c'est ta banque d'origine ou de domiciliation la réservation de fonds est plus facile à gérer lorsque vous le faites sur un guichet confrère,"Bonjour à tous !!!
Lors d'une opération de retrait d'argent au guichet de la SGCI qui s'est soldé par échec.
Je constate dans l'application SG CONNECT avec étonnement que j'ai été prélevé ,avec pour libellé << RÉSERVATION DE FONDS >>
 qu'est ce que cela signifie ?
J'ai besoin d'éclaircissements. Merci"
